id,first_name,last_name,email,gender,ip_address
1,Urban,Kerby,ukerby0@quantcast.com,Male,123.18.216.208
2,Natividad,Kinnie,nkinnie1@gravatar.com,Female,48.0.50.92
3,Otis,McGiven,omcgiven2@typepad.com,Male,82.126.116.123
4,Bengt,McKerrow,bmckerrow3@toplist.cz,Male,148.143.177.247
5,Peggy,Vasser,pvasser4@fda.gov,Female,192.215.178.199
6,Mano,Loveland,mloveland5@deviantart.com,Male,128.76.149.34
7,Rowland,Padkin,rpadkin6@telegraph.co.uk,Male,87.75.104.237
8,Page,Ivell,pivell7@wikia.com,Male,24.213.61.79
9,Griffith,McIlvenna,gmcilvenna8@wikipedia.org,Male,120.59.73.242
10,Inger,McManamon,imcmanamon9@livejournal.com,Female,28.239.104.19
11,Costanza,Seymour,cseymoura@apache.org,Female,253.122.8.146
12,Candide,Kyneton,ckynetonb@comsenz.com,Female,35.80.83.13
13,Fredia,Hadwen,fhadwenc@chicagotribune.com,Female,78.0.249.246
14,Peirce,Reach,preachd@macromedia.com,Male,235.147.25.44
15,Leonard,Dallison,ldallisone@lulu.com,Male,51.160.228.140
16,Maurizio,Monument,mmonumentf@storify.com,Male,19.29.227.178
17,Arty,Arstall,aarstallg@hubpages.com,Male,215.100.180.134
18,Phaidra,Batsford,pbatsfordh@seesaa.net,Female,208.219.224.70
19,Rebekah,Aylmer,raylmeri@dyndns.org,Female,217.92.107.155
20,Derry,Hawk,dhawkj@google.co.uk,Male,223.183.5.107
21,Ezekiel,Blackborough,eblackboroughk@yandex.ru,Male,51.119.130.251
22,Luz,Ben,lbenl@networksolutions.com,Female,109.26.44.134
23,Nate,Waind,nwaindm@plala.or.jp,Genderfluid,132.141.152.10
24,Merissa,Gilleson,mgillesonn@statcounter.com,Female,146.113.126.124
25,Henrietta,Extance,hextanceo@spotify.com,Female,36.78.176.201
26,Karlyn,Carrabot,kcarrabotp@hugedomains.com,Female,203.100.148.232
27,Flint,Novotni,fnovotniq@360.cn,Male,227.133.242.227
28,Benedicto,Reedie,breedier@archive.org,Male,89.179.205.73
29,Marietta,Itter,mitters@yellowpages.com,Male,125.149.192.36
30,Maye,Long,mlongt@ycombinator.com,Female,184.109.147.122
31,Ellerey,Neubigin,eneubiginu@umn.edu,Male,54.84.189.24
32,Philis,Sloat,psloatv@vkontakte.ru,Female,111.7.219.9
33,Fiorenze,Acosta,facostaw@google.ru,Female,84.29.63.233
34,Linda,Chiverstone,lchiverstonex@ftc.gov,Female,205.189.175.200
35,Gaston,Tadd,gtaddy@instagram.com,Male,37.113.140.43
36,Ronald,Glendining,rglendiningz@1und1.de,Agender,8.135.95.210
37,Shem,Fleischmann,sfleischmann10@webnode.com,Male,227.180.149.164
38,Reynard,Peron,rperon11@domainmarket.com,Male,124.245.32.41
39,Shina,Audenis,saudenis12@abc.net.au,Female,107.39.135.50
40,Cesaro,Joss,cjoss13@naver.com,Genderqueer,9.211.215.107
41,Fredrick,Nickless,fnickless14@time.com,Male,224.50.113.153
42,Reine,Eslie,reslie15@latimes.com,Female,252.4.254.208
43,Ash,Pavlata,apavlata16@e-recht24.de,Male,163.146.243.63
44,Guthrey,Woolveridge,gwoolveridge17@gmpg.org,Male,25.175.226.175
45,Adelaide,Cassidy,acassidy18@squidoo.com,Female,73.251.94.241
46,Jaquenetta,Glasper,jglasper19@ameblo.jp,Female,94.49.113.219
47,Glen,Boschmann,gboschmann1a@theglobeandmail.com,Female,251.16.225.77
48,Morton,Jury,mjury1b@biblegateway.com,Male,20.129.8.140
49,Lisha,Hansod,lhansod1c@xing.com,Female,173.139.179.142
50,Floyd,Venning,fvenning1d@constantcontact.com,Male,6.33.69.106
51,Mart,Bevens,mbevens1e@disqus.com,Male,50.41.57.48
52,Nicoline,Beccera,nbeccera1f@wp.com,Female,204.106.73.60
53,Delly,Maskew,dmaskew1g@oakley.com,Female,50.181.67.94
54,Dicky,Polglaze,dpolglaze1h@unblog.fr,Male,129.201.48.254
55,Coral,Thomton,cthomton1i@mashable.com,Female,44.220.13.184
56,Shannon,Walstow,swalstow1j@google.ru,Male,60.174.234.227
57,Lee,Creer,lcreer1k@about.me,Male,249.222.179.194
58,Elihu,Hassan,ehassan1l@theglobeandmail.com,Male,110.221.159.244
59,Jami,Layus,jlayus1m@xrea.com,Female,167.41.104.109
60,Archibald,Elecum,aelecum1n@jiathis.com,Male,202.51.169.96
61,Lorrin,Dalton,ldalton1o@g.co,Female,127.37.12.125
62,Colline,Veivers,cveivers1p@harvard.edu,Female,80.162.152.4
63,Holly,Battista,hbattista1q@tmall.com,Genderfluid,212.135.72.130
64,Elvira,Langran,elangran1r@twitpic.com,Female,40.243.149.8
65,Gretal,Whatsize,gwhatsize1s@howstuffworks.com,Female,15.121.217.148
66,Margi,Kail,mkail1t@printfriendly.com,Female,10.242.60.59
67,Shepherd,Grishukov,sgrishukov1u@cloudflare.com,Bigender,210.218.177.218
68,Izak,Yvon,iyvon1v@com.com,Male,192.5.40.196
69,Toby,Cello,tcello1w@dedecms.com,Female,29.229.134.152
70,Earle,Farny,efarny1x@mysql.com,Agender,122.83.72.10
71,Thornie,Totterdell,ttotterdell1y@marketwatch.com,Male,184.247.230.103
72,Ivan,Colomb,icolomb1z@taobao.com,Male,113.151.203.216
73,Theresita,Treacy,ttreacy20@mediafire.com,Female,161.90.113.101
74,Tuesday,Norheny,tnorheny21@blogspot.com,Female,129.68.160.109
75,Peyter,Lawman,plawman22@nsw.gov.au,Male,26.171.5.179
76,Bartolomeo,Daingerfield,bdaingerfield23@hostgator.com,Male,182.103.176.88
77,Hyacinthie,Dohms,hdohms24@craigslist.org,Female,195.108.39.172
78,Olenka,Davys,odavys25@utexas.edu,Female,23.0.202.147
79,Kelbee,Lishmund,klishmund26@usa.gov,Male,228.108.254.63
80,Bear,Bayston,bbayston27@uiuc.edu,Male,174.233.110.8
81,Gigi,Luisetti,gluisetti28@census.gov,Female,67.66.76.74
82,Aguistin,Prahm,aprahm29@miibeian.gov.cn,Male,246.50.164.32
83,Aldo,Gillio,agillio2a@studiopress.com,Male,158.184.70.126
84,Theressa,Benedettini,tbenedettini2b@google.com.hk,Agender,200.193.142.144
85,Mata,Spyer,mspyer2c@businessweek.com,Male,204.165.138.31
86,Lindy,Spini,lspini2d@blinklist.com,Female,68.116.214.81
87,Keely,Griston,kgriston2e@ovh.net,Female,96.156.97.250
88,Kaja,Kyberd,kkyberd2f@dailymotion.com,Female,125.110.144.236
89,Fransisco,Brotherwood,fbrotherwood2g@1688.com,Male,173.192.125.158
90,Papagena,Stopforth,pstopforth2h@mit.edu,Female,84.13.87.102
91,Wendeline,Sallnow,wsallnow2i@telegraph.co.uk,Female,245.7.209.35
92,Ward,Leighfield,wleighfield2j@wikimedia.org,Male,46.101.9.200
93,Aubrey,Corkish,acorkish2k@epa.gov,Male,173.184.145.154
94,Rutter,Whimp,rwhimp2l@hexun.com,Male,81.207.182.83
95,Keefer,Rait,krait2m@gmpg.org,Bigender,26.120.161.80
96,Roselle,Hencke,rhencke2n@youku.com,Female,241.168.244.135
97,Marten,Prise,mprise2o@biglobe.ne.jp,Non-binary,58.167.8.173
98,Delcina,Stuttard,dstuttard2p@booking.com,Female,209.122.10.184
99,Cordi,Beahan,cbeahan2q@shareasale.com,Female,229.50.31.180
100,Cristabel,Sanchiz,csanchiz2r@whitehouse.gov,Female,165.98.30.248
101,Daven,Ruos,druos2s@google.ca,Male,147.165.148.17
102,Vincent,Laban,vlaban2t@vimeo.com,Male,140.246.167.85
103,Donella,Findlay,dfindlay2u@multiply.com,Female,54.40.162.215
104,Daphna,Mayward,dmayward2v@ebay.co.uk,Female,243.11.245.58
105,Lizbeth,Shenley,lshenley2w@pagesperso-orange.fr,Female,224.129.8.122
106,Kelsy,Schellig,kschellig2x@uol.com.br,Female,172.174.220.22
107,Merle,Franzman,mfranzman2y@bandcamp.com,Male,88.28.135.4
108,Killie,Lahrs,klahrs2z@archive.org,Male,166.92.97.115
109,Marissa,Keave,mkeave30@china.com.cn,Female,188.57.205.220
110,Arri,Standring,astandring31@so-net.ne.jp,Male,243.99.86.147
111,Zebulon,Pristnor,zpristnor32@nytimes.com,Male,157.61.254.177
112,Rancell,Donaghie,rdonaghie33@nbcnews.com,Male,111.76.248.138
113,Abba,Codrington,acodrington34@newsvine.com,Male,104.228.36.78
114,Lindy,Bradwell,lbradwell35@prweb.com,Female,88.163.66.187
115,Maryjane,Livesay,mlivesay36@desdev.cn,Female,21.71.20.84
116,Benedicta,Degoe,bdegoe37@europa.eu,Female,151.39.204.220
117,Eden,Edeler,eedeler38@devhub.com,Agender,6.9.207.198
118,Kyle,Caps,kcaps39@blogger.com,Female,30.68.133.117
119,Allissa,Crumpton,acrumpton3a@shop-pro.jp,Female,55.248.24.8
120,Rheta,Showl,rshowl3b@hatena.ne.jp,Female,252.49.17.25
121,Britney,Wayne,bwayne3c@squidoo.com,Non-binary,18.244.232.50
122,Rozalin,Mariolle,rmariolle3d@com.com,Female,249.80.162.68
123,Winni,Bryceson,wbryceson3e@hubpages.com,Female,221.148.184.201
124,Robbi,Hammerberger,rhammerberger3f@soup.io,Female,33.248.144.187
125,Lilah,Bresnen,lbresnen3g@delicious.com,Female,225.193.126.52
126,Kalinda,Alliston,kalliston3h@xing.com,Genderqueer,64.145.3.152
127,Corrina,Semiraz,csemiraz3i@ft.com,Female,225.129.153.150
128,Garik,Stag,gstag3j@usatoday.com,Bigender,46.8.230.119
129,Ivor,Donovan,idonovan3k@google.nl,Genderqueer,155.89.16.240
130,Gan,Lodovichi,glodovichi3l@tripadvisor.com,Male,123.202.189.53
131,Maitilde,Hardstaff,mhardstaff3m@whitehouse.gov,Female,7.216.193.62
132,Timmy,Domonkos,tdomonkos3n@buzzfeed.com,Female,12.216.3.142
133,Tanney,Harrisson,tharrisson3o@ucsd.edu,Genderfluid,59.99.58.80
134,Cesare,Lougheed,clougheed3p@cyberchimps.com,Male,102.115.93.157
135,Abby,Grigg,agrigg3q@apple.com,Polygender,91.192.241.25
136,Ki,Ceyssen,kceyssen3r@va.gov,Female,114.242.240.110
137,Rozalie,Davidovsky,rdavidovsky3s@addtoany.com,Female,10.91.127.82
138,Adriano,Warbys,awarbys3t@nydailynews.com,Male,72.250.198.146
139,Emmott,Prangle,eprangle3u@amazonaws.com,Male,252.66.234.140
140,Dame,Fairrie,dfairrie3v@homestead.com,Male,51.67.82.189
141,Edee,Gething,egething3w@toplist.cz,Female,103.254.145.183
142,Florian,Prazor,fprazor3x@t.co,Male,103.36.12.202
143,Adriaens,Glading,aglading3y@tinypic.com,Female,112.178.124.217
144,Elianora,Buckler,ebuckler3z@webnode.com,Female,31.155.58.225
145,Bentley,Wootton,bwootton40@jalbum.net,Male,125.210.132.3
146,Lisetta,Rafe,lrafe41@google.ru,Female,234.138.53.66
147,Bessy,Ibbott,bibbott42@google.it,Female,106.165.89.80
148,Sawyere,Gumly,sgumly43@eventbrite.com,Male,109.84.13.60
149,Geno,Vido,gvido44@chicagotribune.com,Non-binary,12.20.156.15
150,Miller,Ash,mash45@imgur.com,Male,206.107.173.79
151,Barry,Vivash,bvivash46@earthlink.net,Male,80.235.15.140
152,Barr,Stallwood,bstallwood47@soundcloud.com,Male,205.219.4.19
153,Marcelle,Sibun,msibun48@free.fr,Female,40.72.48.53
154,Melly,Haughan,mhaughan49@webs.com,Female,195.80.231.208
155,Marieann,Goundsy,mgoundsy4a@amazon.de,Female,66.119.27.130
156,Tallia,Yesichev,tyesichev4b@ocn.ne.jp,Polygender,90.53.59.88
157,Matias,Tomaini,mtomaini4c@mapquest.com,Male,240.252.111.50
158,Jeralee,Ivanenko,jivanenko4d@nba.com,Female,76.64.68.224
159,Stephenie,Rihanek,srihanek4e@yahoo.com,Female,6.220.119.4
160,Gratiana,Lusher,glusher4f@google.fr,Female,82.47.9.227
161,Raffaello,Bromont,rbromont4g@reverbnation.com,Male,0.141.135.171
162,Norrie,Dillway,ndillway4h@wunderground.com,Male,129.149.193.206
163,Frederico,Corriea,fcorriea4i@issuu.com,Male,224.1.205.65
164,Ronald,Spellesy,rspellesy4j@fema.gov,Male,84.78.128.169
165,Pate,Macauley,pmacauley4k@seattletimes.com,Male,190.9.122.115
166,Dorree,Schenkel,dschenkel4l@technorati.com,Female,168.75.55.176
167,Mordy,Ibarra,mibarra4m@oaic.gov.au,Male,29.61.82.99
168,Kerk,Brownrigg,kbrownrigg4n@about.me,Male,249.18.132.42
169,Kynthia,Greenway,kgreenway4o@parallels.com,Female,22.232.0.201
170,Udale,Frank,ufrank4p@earthlink.net,Male,243.71.47.141
171,Carine,Neaverson,cneaverson4q@vistaprint.com,Female,60.202.170.213
172,Olva,Barabich,obarabich4r@arizona.edu,Female,138.242.117.54
173,Brocky,McGing,bmcging4s@tumblr.com,Male,151.154.247.76
174,Leonidas,West,lwest4t@hibu.com,Male,200.60.180.6
175,Orelie,Conkay,oconkay4u@youtu.be,Female,5.224.200.112
176,Nickolai,Merrgen,nmerrgen4v@xinhuanet.com,Male,29.76.186.166
177,Melloney,Letixier,mletixier4w@mozilla.com,Female,177.31.125.46
178,Derry,Fines,dfines4x@foxnews.com,Male,146.132.145.45
179,Binny,Whether,bwhether4y@usda.gov,Female,49.23.87.185
180,Kerwin,Thormann,kthormann4z@icio.us,Male,145.174.65.84
181,Keith,Buzza,kbuzza50@accuweather.com,Male,188.198.136.211
182,Quintilla,Bezzant,qbezzant51@admin.ch,Bigender,64.4.118.109
183,Ettie,Tinkler,etinkler52@t.co,Female,237.105.0.31
184,Burk,Cokely,bcokely53@irs.gov,Male,236.192.176.190
185,Grayce,Stud,gstud54@unblog.fr,Female,242.116.232.212
186,Gaylor,Darree,gdarree55@github.io,Male,25.17.65.19
187,Jolyn,Kubica,jkubica56@cbsnews.com,Female,180.212.113.135
188,Teddy,Salvadori,tsalvadori57@instagram.com,Female,175.70.230.75
189,Caroljean,Moncrieffe,cmoncrieffe58@hexun.com,Female,211.166.29.137
190,Gerladina,Mellmoth,gmellmoth59@dagondesign.com,Female,128.0.126.202
191,Morten,Hurdman,mhurdman5a@feedburner.com,Male,16.130.235.46
192,Kassandra,Caccavale,kcaccavale5b@hexun.com,Genderqueer,232.28.130.53
193,Ichabod,McGuffog,imcguffog5c@admin.ch,Male,92.254.165.142
194,Aura,Tuttle,atuttle5d@smh.com.au,Female,204.188.176.58
195,Rouvin,Coneybeare,rconeybeare5e@123-reg.co.uk,Male,37.53.44.167
196,Adeline,Linsey,alinsey5f@oakley.com,Female,248.252.107.194
197,Helene,Burgne,hburgne5g@ezinearticles.com,Female,212.161.65.69
198,Lira,Cabrara,lcabrara5h@fotki.com,Female,34.232.77.210
199,Keefe,McMennum,kmcmennum5i@seattletimes.com,Male,79.92.248.119
200,Jameson,Severs,jsevers5j@latimes.com,Male,191.203.232.96
201,Morrie,Macellar,mmacellar5k@statcounter.com,Male,47.176.180.102
202,Bertha,Blamey,bblamey5l@nih.gov,Female,160.0.108.228
203,Hyacinth,Titchard,htitchard5m@wunderground.com,Female,50.123.152.48
204,Cindee,Duell,cduell5n@gravatar.com,Female,150.24.226.243
205,Benoite,Langhorn,blanghorn5o@indiegogo.com,Female,199.124.125.230
206,Vassily,Luney,vluney5p@latimes.com,Male,211.216.165.249
207,Dacy,Minichi,dminichi5q@drupal.org,Female,87.181.37.251
208,Frederik,Codlin,fcodlin5r@prlog.org,Male,165.214.29.11
209,Naoma,Bardey,nbardey5s@bbc.co.uk,Female,79.54.233.200
210,Kimberlee,Rossiter,krossiter5t@indiegogo.com,Female,60.40.237.32
211,Renado,Dorkins,rdorkins5u@mozilla.com,Male,166.39.179.30
212,Sal,Minchinden,sminchinden5v@freewebs.com,Female,16.134.48.153
213,Muriel,Meadowcroft,mmeadowcroft5w@nsw.gov.au,Female,202.1.62.134
214,Olympia,Sextie,osextie5x@ask.com,Female,92.226.228.177
215,Megan,Sturror,msturror5y@nsw.gov.au,Female,111.63.235.180
216,Pieter,Laimable,plaimable5z@xinhuanet.com,Male,128.176.22.167
217,Brice,Coopey,bcoopey60@google.co.uk,Male,180.57.173.40
218,Law,Ygoe,lygoe61@epa.gov,Male,221.170.182.100
219,Leda,Bend,lbend62@thetimes.co.uk,Female,129.69.235.80
220,Sebastiano,MacAllen,smacallen63@statcounter.com,Male,68.0.118.120
221,Buffy,Attew,battew64@vkontakte.ru,Female,156.37.134.123
222,Artemis,Lorenzetto,alorenzetto65@japanpost.jp,Male,172.194.161.43
223,Nixie,Kirby,nkirby66@artisteer.com,Female,182.217.130.40
224,Chev,Bottlestone,cbottlestone67@cbsnews.com,Male,140.104.188.197
225,Venus,Rodger,vrodger68@va.gov,Female,30.133.237.22
226,Germain,Seagood,gseagood69@usatoday.com,Male,77.126.103.186
227,Martina,Prescot,mprescot6a@zimbio.com,Female,48.6.140.154
228,Merralee,O' Meara,momeara6b@constantcontact.com,Female,171.6.154.128
229,Gabrielle,Mullan,gmullan6c@about.me,Female,246.199.33.197
230,Shoshana,Ipgrave,sipgrave6d@huffingtonpost.com,Female,173.95.161.78
231,Dominic,Beckham,dbeckham6e@mac.com,Male,136.0.101.77
232,Thaxter,Mather,tmather6f@woothemes.com,Male,215.11.157.82
233,Starr,Whysall,swhysall6g@google.com,Female,17.221.122.89
234,Koralle,Daughton,kdaughton6h@time.com,Female,55.95.196.178
235,Koo,Nuss,knuss6i@google.com,Bigender,246.216.80.124
236,Devinne,Leverett,dleverett6j@w3.org,Female,7.129.112.90
237,Loy,Galland,lgalland6k@mail.ru,Male,49.224.59.70
238,Willie,Mathissen,wmathissen6l@paypal.com,Female,31.204.52.89
239,Cassondra,Peploe,cpeploe6m@thetimes.co.uk,Female,108.195.237.5
240,Chrissy,Leopard,cleopard6n@51.la,Male,239.122.53.135
241,Darlleen,Dransfield,ddransfield6o@mapquest.com,Genderfluid,104.244.171.130
242,Mathias,Norcliffe,mnorcliffe6p@sohu.com,Male,16.225.92.80
243,Rickert,Nettle,rnettle6q@buzzfeed.com,Male,192.16.62.114
244,Loria,Greste,lgreste6r@indiatimes.com,Female,145.197.25.104
245,Kippie,Vail,kvail6s@earthlink.net,Female,34.161.66.0
246,Chick,Pirdue,cpirdue6t@slideshare.net,Male,213.156.121.214
247,Ben,Wiz,bwiz6u@paypal.com,Male,251.229.250.8
248,Saul,Pembridge,spembridge6v@sohu.com,Male,169.174.136.234
249,Eada,Foulsham,efoulsham6w@icio.us,Female,147.240.92.234
250,Jori,Ashlin,jashlin6x@hexun.com,Agender,136.180.171.228
251,Dosi,Fawdrie,dfawdrie6y@jalbum.net,Female,203.32.184.3
252,Charley,Pedycan,cpedycan6z@linkedin.com,Male,181.71.188.216
253,Siward,Ricci,sricci70@rediff.com,Male,160.55.207.148
254,Xylia,Bellee,xbellee71@google.nl,Female,177.216.93.66
255,Sandi,Hasluck,shasluck72@harvard.edu,Female,177.159.56.255
256,Cedric,Cowen,ccowen73@pcworld.com,Male,246.224.185.39
257,Verge,Weine,vweine74@booking.com,Male,54.86.163.99
258,Marietta,Konzel,mkonzel75@psu.edu,Genderqueer,112.84.181.24
259,Carney,Albrooke,calbrooke76@bbc.co.uk,Male,14.232.179.56
260,Priscilla,Perocci,pperocci77@mtv.com,Female,184.203.32.101
261,Gustav,Davidzon,gdavidzon78@irs.gov,Male,110.161.195.168
262,Ivory,Gres,igres79@uiuc.edu,Female,129.22.254.54
263,Nadine,Meekin,nmeekin7a@google.fr,Female,92.233.35.98
264,Carmella,Dewerson,cdewerson7b@comcast.net,Female,190.33.139.91
265,Jenica,Davinet,jdavinet7c@dion.ne.jp,Female,98.119.180.235
266,Deidre,Johansen,djohansen7d@ocn.ne.jp,Female,208.94.180.254
267,Vernice,Lavalde,vlavalde7e@gravatar.com,Female,43.168.96.20
268,Giulio,Boller,gboller7f@w3.org,Genderfluid,23.93.39.155
269,Hildagarde,Outram,houtram7g@home.pl,Genderfluid,92.195.244.154
270,Tracey,Morat,tmorat7h@ucsd.edu,Female,250.2.107.52
271,Trista,Moscrop,tmoscrop7i@taobao.com,Female,23.162.219.253
272,Alvie,Bainbrigge,abainbrigge7j@macromedia.com,Male,53.216.6.35
273,Sigismondo,Vasin,svasin7k@chronoengine.com,Male,129.9.237.214
274,Hildegarde,Ceschini,hceschini7l@ovh.net,Female,5.20.178.189
275,Doreen,Marlon,dmarlon7m@exblog.jp,Female,151.63.179.244
276,Trudy,Lightning,tlightning7n@bloomberg.com,Genderfluid,107.151.148.196
277,Carmelina,Izatson,cizatson7o@sourceforge.net,Female,82.187.237.248
278,Jemmy,Wolland,jwolland7p@addthis.com,Female,121.51.202.214
279,Samuele,Withams,swithams7q@craigslist.org,Polygender,186.53.45.178
280,Ogdon,Wardale,owardale7r@berkeley.edu,Male,76.195.223.254
281,Verine,Tarbett,vtarbett7s@howstuffworks.com,Female,141.228.113.176
282,Pietrek,Walley,pwalley7t@youtu.be,Male,71.172.219.47
283,Conrado,Quan,cquan7u@biglobe.ne.jp,Male,132.109.84.6
284,Genni,Vigurs,gvigurs7v@i2i.jp,Female,236.122.69.108
285,Rebekah,Waud,rwaud7w@bizjournals.com,Female,106.229.241.221
286,Xenos,Frazer,xfrazer7x@gizmodo.com,Male,95.76.241.161
287,Allsun,Jenkyn,ajenkyn7y@over-blog.com,Female,238.31.17.48
288,Yance,Duce,yduce7z@chronoengine.com,Male,223.147.125.236
289,Abramo,Nellen,anellen80@timesonline.co.uk,Male,0.34.1.29
290,Jayson,Dresse,jdresse81@mit.edu,Male,177.118.121.92
291,Krissie,Garrow,kgarrow82@addthis.com,Female,140.121.151.104
292,Errol,Sleightholm,esleightholm83@dropbox.com,Male,179.48.119.78
293,Harmonia,Samson,hsamson84@mediafire.com,Female,225.67.138.227
294,Tiler,Wishart,twishart85@163.com,Male,193.44.151.84
295,Arnaldo,O'Crigane,aocrigane86@ihg.com,Male,22.144.252.253
296,Querida,Skocroft,qskocroft87@yahoo.com,Female,98.80.254.58
297,Maxim,Linge,mlinge88@home.pl,Male,126.70.155.103
298,Karl,Judgkins,kjudgkins89@forbes.com,Male,50.115.50.237
299,Thadeus,Kilty,tkilty8a@domainmarket.com,Male,134.18.243.149
300,Garnet,Rawle,grawle8b@imgur.com,Female,36.96.93.29
301,Maure,Tidgewell,mtidgewell8c@sun.com,Female,68.196.24.50
302,Lemmy,Moult,lmoult8d@cmu.edu,Male,151.208.53.13
303,Cedric,Grayshon,cgrayshon8e@51.la,Male,52.187.202.11
304,Rheba,Walley,rwalley8f@imgur.com,Female,133.192.217.92
305,Aundrea,Woodcock,awoodcock8g@cbc.ca,Female,233.131.160.140
306,Cletus,Dolling,cdolling8h@vistaprint.com,Male,23.226.129.130
307,Fern,Kenington,fkenington8i@furl.net,Female,147.234.87.222
308,Ava,MacAindreis,amacaindreis8j@senate.gov,Female,255.252.43.14
309,Lucine,O'Reilly,loreilly8k@barnesandnoble.com,Female,177.137.163.150
310,Konstantin,Kneeshaw,kkneeshaw8l@craigslist.org,Male,195.157.224.16
311,Sim,Proger,sproger8m@google.es,Male,96.9.145.245
312,Julissa,Flagg,jflagg8n@cpanel.net,Female,244.246.208.242
313,Farlee,Leigh,fleigh8o@over-blog.com,Male,172.80.94.102
314,Zebulen,Jerger,zjerger8p@myspace.com,Male,87.250.105.77
315,Ikey,Ugolini,iugolini8q@prweb.com,Male,178.179.90.223
316,Dennie,Bonin,dbonin8r@toplist.cz,Female,25.201.6.221
317,Alfie,Mailes,amailes8s@google.co.uk,Male,129.132.196.135
318,Penny,Wolvey,pwolvey8t@mapy.cz,Male,80.147.204.128
319,Chickie,Balls,cballs8u@baidu.com,Genderqueer,215.246.65.55
320,Karin,McGuane,kmcguane8v@ovh.net,Female,215.249.89.235
321,Iona,Wildbore,iwildbore8w@examiner.com,Female,28.188.66.116
322,Hatty,Fautley,hfautley8x@wufoo.com,Agender,193.132.221.214
323,Germain,Bendik,gbendik8y@tamu.edu,Male,46.107.137.23
324,Herold,Ortzen,hortzen8z@ameblo.jp,Male,62.59.128.209
325,Maud,Zoanetti,mzoanetti90@mit.edu,Female,103.101.23.237
326,Colet,Parriss,cparriss91@dmoz.org,Male,176.197.11.128
327,Carlita,Klaussen,cklaussen92@blogs.com,Female,48.40.245.189
328,Alica,Huckin,ahuckin93@chron.com,Female,249.191.254.87
329,Gale,Twaits,gtwaits94@ask.com,Male,244.208.232.71
330,Araldo,Corgenvin,acorgenvin95@epa.gov,Male,12.173.215.231
331,Fremont,Kristof,fkristof96@theglobeandmail.com,Male,157.78.188.223
332,Fanechka,MacLeese,fmacleese97@phpbb.com,Female,163.227.2.172
333,Sarene,Weben,sweben98@slashdot.org,Female,128.117.12.255
334,Meade,Seagood,mseagood99@furl.net,Male,146.188.22.90
335,Emelina,Dienes,edienes9a@feedburner.com,Genderfluid,211.81.40.76
336,Rustie,Illiston,rilliston9b@shinystat.com,Male,235.2.193.141
337,Mommy,Farrimond,mfarrimond9c@msn.com,Female,68.189.33.15
338,Bryn,Robertet,brobertet9d@buzzfeed.com,Genderqueer,12.76.181.235
339,Rolland,Lifsey,rlifsey9e@shareasale.com,Male,13.202.193.137
340,Charlotta,Thormann,cthormann9f@dot.gov,Female,150.59.14.135
341,Hillier,Worsnup,hworsnup9g@mozilla.org,Male,14.114.150.130
342,Berke,Moorhead,bmoorhead9h@ed.gov,Male,232.72.89.73
343,Mandi,Paladino,mpaladino9i@dedecms.com,Female,207.60.11.171
344,Bili,Finessy,bfinessy9j@acquirethisname.com,Female,132.85.238.167
345,Frannie,Hurle,fhurle9k@fema.gov,Female,186.28.59.214
346,Sherman,Jenyns,sjenyns9l@ning.com,Male,134.170.227.35
347,Tybie,Giacomazzo,tgiacomazzo9m@senate.gov,Female,60.61.203.122
348,Dion,Cheales,dcheales9n@icio.us,Male,132.114.249.88
349,Nigel,Izaac,nizaac9o@goodreads.com,Male,96.113.71.46
350,Trudy,Hallahan,thallahan9p@ocn.ne.jp,Agender,123.191.51.8
351,Phoebe,Bigham,pbigham9q@auda.org.au,Female,235.37.175.213
352,Filmer,Dwine,fdwine9r@omniture.com,Male,143.208.62.84
353,Ive,Nutbeam,inutbeam9s@exblog.jp,Male,165.117.27.151
354,Keene,Anchor,kanchor9t@elpais.com,Male,34.72.47.138
355,Isidro,Ackerley,iackerley9u@amazon.co.jp,Male,77.11.118.108
356,Sal,Stratford,sstratford9v@creativecommons.org,Female,227.196.70.215
357,Bing,Degoey,bdegoey9w@unicef.org,Non-binary,42.70.82.45
358,Petey,Jenkin,pjenkin9x@godaddy.com,Male,186.117.76.241
359,Taddeo,Santorini,tsantorini9y@discuz.net,Male,51.77.93.49
360,Hazlett,Anderson,handerson9z@xrea.com,Male,241.86.216.76
361,Rollin,Renihan,rrenihana0@craigslist.org,Male,105.242.161.125
362,Tomasine,Eckley,teckleya1@wired.com,Female,252.36.116.73
363,Pru,Beldom,pbeldoma2@cbslocal.com,Female,85.65.35.18
364,Aubrey,Devonport,adevonporta3@comsenz.com,Female,242.167.164.153
365,Laurice,Whybrow,lwhybrowa4@oaic.gov.au,Female,62.67.184.83
366,Nevil,McGeouch,nmcgeoucha5@youtu.be,Agender,47.254.174.58
367,Merwyn,Rilings,mrilingsa6@unesco.org,Male,20.185.209.1
368,Lalo,Cleaveland,lcleavelanda7@abc.net.au,Male,222.217.219.204
369,Kris,Gallgher,kgallghera8@mozilla.org,Female,234.53.160.227
370,Bab,Marklew,bmarklewa9@accuweather.com,Non-binary,89.17.6.71
371,Kissie,Kubiak,kkubiakaa@cbslocal.com,Female,88.117.42.31
372,Brooke,Calyton,bcalytonab@shop-pro.jp,Male,69.93.241.120
373,Buddie,Canacott,bcanacottac@dagondesign.com,Male,167.253.155.239
374,Roda,Tidbold,rtidboldad@addtoany.com,Female,217.165.14.251
375,Zak,Winson,zwinsonae@wordpress.org,Male,36.220.64.16
376,Etan,Jonke,ejonkeaf@webeden.co.uk,Non-binary,83.47.238.152
377,Fredia,Shears,fshearsag@adobe.com,Female,101.117.179.22
378,Reina,Dumbare,rdumbareah@wordpress.com,Female,159.241.134.122
379,Stanislaus,Kingaby,skingabyai@abc.net.au,Male,179.158.159.250
380,Ingram,MacCarlich,imaccarlichaj@sourceforge.net,Male,100.78.108.38
381,Aprilette,Schroeder,aschroederak@marketwatch.com,Female,216.104.86.184
382,Wallie,Gilhoolie,wgilhoolieal@altervista.org,Female,237.237.142.94
383,Hilarius,Battaille,hbattailleam@blogger.com,Male,182.111.85.94
384,Normy,Buxey,nbuxeyan@cisco.com,Male,131.7.159.27
385,Clem,Isles,cislesao@dropbox.com,Female,50.11.22.152
386,Tallia,Reaman,treamanap@plala.or.jp,Female,71.202.95.242
387,Fan,Enoksson,fenokssonaq@berkeley.edu,Female,1.147.218.83
388,Ricca,Stapleton,rstapletonar@dropbox.com,Female,125.187.186.249
389,Jillane,Jeanequin,jjeanequinas@indiegogo.com,Polygender,57.99.218.128
390,Aubine,Farmloe,afarmloeat@exblog.jp,Female,129.85.255.166
391,Katuscha,Messingham,kmessinghamau@t-online.de,Female,92.82.237.98
392,Wyatt,Tosney,wtosneyav@scribd.com,Genderfluid,193.20.71.111
393,Samara,Seeger,sseegeraw@woothemes.com,Female,135.88.29.39
394,Pegeen,Josselsohn,pjosselsohnax@bravesites.com,Female,172.188.105.202
395,Saxon,Ettery,setteryay@sakura.ne.jp,Male,34.183.190.71
396,Abigale,Bean,abeanaz@networkadvertising.org,Female,125.172.84.63
397,Abbey,Cartmael,acartmaelb0@zimbio.com,Male,156.106.89.235
398,Keene,Billes,kbillesb1@vinaora.com,Male,127.90.69.250
399,Frasco,Jasik,fjasikb2@canalblog.com,Male,91.130.56.106
400,Bertie,Josskovitz,bjosskovitzb3@dropbox.com,Male,93.14.160.178
401,Celestyna,Curtain,ccurtainb4@surveymonkey.com,Female,183.240.200.222
402,Elga,Hansberry,ehansberryb5@tripod.com,Female,104.75.237.150
403,Stesha,Mudie,smudieb6@shutterfly.com,Female,193.137.64.173
404,Tish,Newcom,tnewcomb7@hatena.ne.jp,Female,200.244.78.147
405,Shadow,Sinnock,ssinnockb8@princeton.edu,Male,180.193.179.169
406,Damaris,Abramowsky,dabramowskyb9@discovery.com,Female,6.102.46.51
407,Nobe,Galer,ngalerba@answers.com,Male,74.37.10.149
408,Sherlocke,Back,sbackbb@drupal.org,Male,97.225.108.155
409,Terrel,Ruskin,truskinbc@a8.net,Male,211.142.129.9
410,Sharleen,Kinnoch,skinnochbd@go.com,Female,56.233.46.84
411,Hermina,MacCaghan,hmaccaghanbe@house.gov,Female,100.18.161.171
412,Gabby,Gotobed,ggotobedbf@fema.gov,Male,209.213.241.77
413,Clare,Patrono,cpatronobg@unc.edu,Male,255.243.189.83
414,Bearnard,Winscomb,bwinscombbh@barnesandnoble.com,Male,143.70.226.192
415,Wendel,Toth,wtothbi@youtu.be,Male,74.44.146.108
416,Etan,McSkeagan,emcskeaganbj@google.com,Male,132.55.246.38
417,Lew,Roddie,lroddiebk@home.pl,Male,167.250.250.171
418,Murry,Voff,mvoffbl@flavors.me,Male,190.147.132.125
419,Waneta,Boswell,wboswellbm@nydailynews.com,Female,36.168.197.110
420,Britt,Stoeckle,bstoecklebn@nih.gov,Male,170.86.212.73
421,Bondie,Bernardotti,bbernardottibo@cnet.com,Male,120.115.194.146
422,Brina,Tukely,btukelybp@harvard.edu,Female,89.77.39.160
423,April,Tremathick,atremathickbq@chicagotribune.com,Female,186.148.65.91
424,Godiva,Lindup,glindupbr@privacy.gov.au,Non-binary,246.4.14.174
425,Haskell,Kliche,hklichebs@amazon.com,Male,137.51.149.109
426,Cobb,Tixall,ctixallbt@ebay.co.uk,Male,225.113.210.3
427,Emili,Vergo,evergobu@illinois.edu,Female,151.185.49.57
428,Cody,Fentem,cfentembv@dyndns.org,Male,249.105.169.168
429,Vasili,Crewe,vcrewebw@webeden.co.uk,Male,208.178.181.232
430,Jorrie,Orringe,jorringebx@nbcnews.com,Female,11.201.254.140
431,Stephani,Dorian,sdorianby@technorati.com,Female,15.86.114.34
432,Warner,Pouton,wpoutonbz@amazonaws.com,Male,230.44.49.245
433,Arlin,Andreuzzi,aandreuzzic0@quantcast.com,Male,7.144.149.32
434,Damita,Carding,dcardingc1@scientificamerican.com,Female,103.64.255.88
435,Danita,Bolstridge,dbolstridgec2@tamu.edu,Female,7.178.26.20
436,Helene,Orable,horablec3@jugem.jp,Female,245.210.216.114
437,Vikky,Philpott,vphilpottc4@cyberchimps.com,Female,114.146.190.0
438,Abbe,Berzen,aberzenc5@addthis.com,Female,34.51.62.211
439,Nester,Hoyte,nhoytec6@surveymonkey.com,Male,197.18.215.238
440,Armand,Corbridge,acorbridgec7@xing.com,Male,154.122.1.143
441,Wendel,Dell'Abbate,wdellabbatec8@youtube.com,Male,170.211.157.12
442,Humfrey,Kingcott,hkingcottc9@unblog.fr,Male,71.89.18.217
443,Miriam,Barnish,mbarnishca@apple.com,Female,60.5.165.118
444,Maybelle,Mainland,mmainlandcb@amazon.de,Female,74.238.165.237
445,Charley,Fensome,cfensomecc@biglobe.ne.jp,Male,115.93.253.160
446,Roshelle,Queree,rquereecd@exblog.jp,Female,229.209.234.46
447,Rees,Whelband,rwhelbandce@slate.com,Male,73.108.94.26
448,Bee,Spittal,bspittalcf@blinklist.com,Female,128.131.11.181
449,Layney,Kilshall,lkilshallcg@intel.com,Female,188.170.6.244
450,Wallie,Varga,wvargach@yellowpages.com,Female,126.45.237.140
451,Whitby,Ashburner,washburnerci@webmd.com,Male,232.212.15.201
452,Cristiano,Jencken,cjenckencj@ask.com,Male,53.103.115.177
453,Wenda,Patrickson,wpatricksonck@example.com,Female,142.81.79.72
454,Adriana,Phelan,aphelancl@ustream.tv,Female,92.36.225.50
455,Evangelin,Espina,eespinacm@java.com,Female,55.158.212.141
456,Dale,Gamwell,dgamwellcn@sphinn.com,Female,155.6.17.66
457,Marijo,Acton,mactonco@ca.gov,Female,140.153.181.55
458,Zerk,Adamson,zadamsoncp@gravatar.com,Male,78.40.180.68
459,Rodina,Dorgon,rdorgoncq@alexa.com,Female,68.16.211.17
460,Graham,Dakhov,gdakhovcr@1und1.de,Male,18.231.127.36
461,Hilary,Lacroix,hlacroixcs@shareasale.com,Male,200.252.120.105
462,Rhianna,Ridde,rriddect@auda.org.au,Female,46.94.15.157
463,Isak,Mathelon,imatheloncu@sogou.com,Male,200.24.234.111
464,Yanaton,Kunneke,ykunnekecv@admin.ch,Male,136.10.105.110
465,Nanny,Crowcher,ncrowchercw@go.com,Female,6.35.134.177
466,Hernando,Boam,hboamcx@nytimes.com,Male,189.17.96.29
467,Filippo,Kilbride,fkilbridecy@fastcompany.com,Male,152.40.181.19
468,Rowena,Mair,rmaircz@wsj.com,Female,161.8.155.58
469,Ryann,Guiness,rguinessd0@nature.com,Female,209.199.73.216
470,Bertha,Gaythorpe,bgaythorped1@census.gov,Agender,232.51.30.50
471,Andreana,Reeday,areedayd2@friendfeed.com,Female,59.103.62.199
472,Hartley,Southgate,hsouthgated3@purevolume.com,Male,147.247.81.158
473,Broddy,Gouch,bgouchd4@bigcartel.com,Agender,205.66.98.22
474,Dionis,MacFadden,dmacfaddend5@parallels.com,Female,78.162.172.251
475,Ernie,Eborn,eebornd6@wiley.com,Non-binary,111.35.113.100
476,Hendrik,Jakeman,hjakemand7@xing.com,Male,74.188.186.225
477,Hyatt,Stubbings,hstubbingsd8@loc.gov,Male,135.167.101.9
478,Mord,Byneth,mbynethd9@prnewswire.com,Male,253.196.152.220
479,Pablo,Garside,pgarsideda@blogtalkradio.com,Male,150.214.183.225
480,Darbie,Roxburgh,droxburghdb@cisco.com,Female,93.211.223.3
481,Ranice,Devas,rdevasdc@mac.com,Female,137.110.151.187
482,Hamilton,McRitchie,hmcritchiedd@aol.com,Bigender,236.168.94.216
483,Edgardo,Hufton,ehuftonde@issuu.com,Agender,103.151.185.131
484,Bryna,Ketch,bketchdf@miitbeian.gov.cn,Female,180.195.134.230
485,Ricoriki,Moyce,rmoycedg@i2i.jp,Non-binary,12.199.251.45
486,Karine,Deverick,kdeverickdh@usgs.gov,Female,100.90.65.40
487,Richmound,Gwyllt,rgwylltdi@friendfeed.com,Male,116.5.172.241
488,Analise,Marshal,amarshaldj@360.cn,Female,146.73.30.76
489,Lynett,Rackstraw,lrackstrawdk@patch.com,Female,161.31.7.113
490,Reeva,Queen,rqueendl@google.co.uk,Female,163.29.82.215
491,Amber,Ivanonko,aivanonkodm@google.com.au,Female,8.148.118.169
492,Carey,Pithcock,cpithcockdn@hao123.com,Male,230.53.172.212
493,Risa,Sheringham,rsheringhamdo@ow.ly,Female,139.188.99.59
494,Aube,Hamlen,ahamlendp@tamu.edu,Male,81.51.248.219
495,Butch,Robens,brobensdq@blogspot.com,Male,225.217.49.237
496,Alissa,Openshaw,aopenshawdr@moonfruit.com,Female,95.241.240.183
497,Margit,Sleath,msleathds@chron.com,Female,132.106.91.222
498,Stuart,Plover,sploverdt@freewebs.com,Agender,166.111.16.38
499,Johnette,Glaisner,jglaisnerdu@twitter.com,Female,210.170.219.44
500,Hi,Di Matteo,hdimatteodv@csmonitor.com,Male,189.33.213.250
501,Jorie,Cuzen,jcuzendw@ted.com,Female,218.22.154.102
502,Mabelle,Grinnov,mgrinnovdx@devhub.com,Female,48.77.28.146
503,Bertram,Olczak,bolczakdy@sogou.com,Male,198.158.161.73
504,Rhianon,Janway,rjanwaydz@seesaa.net,Female,211.108.26.131
505,Marja,Le Grand,mlegrande0@miibeian.gov.cn,Female,63.84.80.58
506,Roman,Kleanthous,rkleanthouse1@ucla.edu,Polygender,28.35.22.194
507,Jenny,Lyndon,jlyndone2@telegraph.co.uk,Female,101.92.142.249
508,Florinda,Elmore,felmoree3@virginia.edu,Female,142.71.219.159
509,Skippie,Avramchik,savramchike4@hatena.ne.jp,Male,95.228.45.211
510,Porter,Cush,pcushe5@histats.com,Male,138.43.51.151
511,Helli,Ephgrave,hephgravee6@wikispaces.com,Female,207.106.141.211
512,Hali,Tidbald,htidbalde7@sciencedirect.com,Polygender,177.139.216.19
513,Tiff,Clayborn,tclayborne8@gov.uk,Female,20.92.249.197
514,Tyrone,Emery,temerye9@fastcompany.com,Male,237.137.146.110
515,Homer,Fissenden,hfissendenea@imgur.com,Male,148.51.159.61
516,Stanislaw,Humphries,shumphrieseb@storify.com,Male,62.240.148.153
517,Garland,Geikie,ggeikieec@accuweather.com,Female,198.106.123.236
518,Janice,Tudor,jtudored@cafepress.com,Female,226.28.137.71
519,Cathlene,Glasspool,cglasspoolee@independent.co.uk,Female,49.177.107.172
520,Wilone,Degoix,wdegoixef@dion.ne.jp,Female,229.159.187.131
521,Hermie,Honeywood,hhoneywoodeg@opensource.org,Male,95.129.227.125
522,Mohandas,Plaskett,mplasketteh@skype.com,Male,144.188.28.199
523,Marcus,Tooley,mtooleyei@nih.gov,Male,37.57.12.102
524,Kinna,Wathall,kwathallej@craigslist.org,Female,83.3.41.162
525,Ham,Raggitt,hraggittek@imdb.com,Male,135.33.238.48
526,Alana,MacMarcuis,amacmarcuisel@networkadvertising.org,Female,154.25.58.28
527,Reta,Waszczykowski,rwaszczykowskiem@vistaprint.com,Female,58.151.195.189
528,Gustie,Ferdinand,gferdinanden@taobao.com,Female,216.50.185.131
529,Jamesy,Lazell,jlazelleo@smugmug.com,Male,221.85.159.76
530,Kyrstin,Bruggen,kbruggenep@ucoz.ru,Female,34.228.117.167
531,Ronni,Baudinot,rbaudinoteq@mapy.cz,Female,94.202.82.175
532,Wilma,Blumfield,wblumfielder@taobao.com,Female,252.99.51.106
533,Courtnay,Pendrigh,cpendrighes@jugem.jp,Male,234.21.75.225
534,Albina,Saban,asabanet@sitemeter.com,Female,87.111.127.99
535,Charlean,Corden,ccordeneu@mediafire.com,Female,122.96.120.81
536,Elbert,McAline,emcalineev@google.com.br,Male,209.1.224.165
537,Carlin,Marriott,cmarriottew@dagondesign.com,Male,183.198.135.45
538,Torey,Stanning,tstanningex@scribd.com,Female,192.75.130.222
539,Norah,Pache,npacheey@mysql.com,Female,121.50.240.128
540,Tracy,Hourston,thourstonez@springer.com,Female,21.236.242.207
541,Ellsworth,Wethered,ewetheredf0@wisc.edu,Male,9.120.25.185
542,Ilyse,Etock,ietockf1@craigslist.org,Female,11.192.190.166
543,Elfie,Skully,eskullyf2@com.com,Female,223.232.44.134
544,Shara,Strevens,sstrevensf3@vimeo.com,Female,48.253.106.18
545,Viola,Glasscoe,vglasscoef4@cdc.gov,Female,22.111.176.107
546,Mercie,Bernardoux,mbernardouxf5@state.gov,Female,27.8.188.205
547,Alayne,Dandison,adandisonf6@t.co,Female,23.152.222.33
548,Olva,Hatter,ohatterf7@marketwatch.com,Polygender,139.32.225.15
549,Sosanna,Orrah,sorrahf8@ustream.tv,Female,91.74.219.254
550,Carly,Phil,cphilf9@yellowbook.com,Female,230.15.61.212
551,Cleavland,Hyde-Chambers,chydechambersfa@uiuc.edu,Male,172.17.121.0
552,Roi,Weaver,rweaverfb@de.vu,Male,200.38.223.121
553,Jemima,Wiz,jwizfc@wix.com,Female,250.202.204.67
554,Avis,Kornyakov,akornyakovfd@rambler.ru,Female,1.25.170.154
555,Alecia,Shillam,ashillamfe@google.com.br,Female,110.15.120.200
556,Moore,Paffett,mpaffettff@ning.com,Male,77.74.41.72
557,Alicia,Canham,acanhamfg@cdc.gov,Female,115.231.138.4
558,Lilas,Anning,lanningfh@w3.org,Female,246.111.38.253
559,Dagny,Brecon,dbreconfi@china.com.cn,Male,182.248.189.158
560,Theresita,Kiellor,tkiellorfj@cbslocal.com,Genderqueer,87.124.45.94
561,Harrie,Kennett,hkennettfk@artisteer.com,Female,91.28.170.250
562,Lucho,Paniman,lpanimanfl@ycombinator.com,Male,115.152.134.80
563,Jacquelyn,Tenwick,jtenwickfm@mozilla.com,Female,190.224.62.230
564,Niven,Gregoriou,ngregorioufn@mail.ru,Male,5.217.98.174
565,Denna,Staff,dstafffo@stanford.edu,Female,24.172.171.218
566,Pascale,McCloud,pmccloudfp@addtoany.com,Male,58.171.78.127
567,Klaus,Delamar,kdelamarfq@nsw.gov.au,Male,191.255.79.48
568,Chaim,Summerson,csummersonfr@vimeo.com,Non-binary,96.149.105.141
569,Dillie,Hurley,dhurleyfs@dyndns.org,Male,52.201.41.71
570,Krishna,Guppey,kguppeyft@unblog.fr,Male,213.144.183.229
571,Antonino,Semon,asemonfu@mlb.com,Male,140.134.144.220
572,Ewart,Davenhill,edavenhillfv@home.pl,Bigender,223.141.156.231
573,Consalve,Elger,celgerfw@diigo.com,Male,222.190.74.192
574,Zaccaria,Mulkerrins,zmulkerrinsfx@posterous.com,Polygender,210.209.223.237
575,Andros,Johansen,ajohansenfy@ihg.com,Male,172.128.207.105
576,Liam,Jahnig,ljahnigfz@squidoo.com,Male,39.27.115.168
577,Dom,Leale,dlealeg0@disqus.com,Male,163.80.34.80
578,Carny,Simcoe,csimcoeg1@telegraph.co.uk,Male,107.249.65.71
579,Karilynn,Othen,kotheng2@dedecms.com,Female,35.59.112.237
580,Lucho,Kundt,lkundtg3@baidu.com,Male,219.231.20.39
581,Read,Eshelby,reshelbyg4@state.gov,Male,228.120.48.215
582,Cal,Capstaff,ccapstaffg5@army.mil,Female,228.128.102.153
583,Isaak,Rupert,irupertg6@php.net,Male,91.171.4.187
584,Linc,Willden,lwilldeng7@csmonitor.com,Male,103.95.50.150
585,Amberly,Cleverly,acleverlyg8@blogspot.com,Female,5.53.97.114
586,Charis,Mell,cmellg9@soup.io,Agender,79.67.96.116
587,Janel,Bruck,jbruckga@blinklist.com,Non-binary,111.110.243.127
588,Bernie,Jeffs,bjeffsgb@people.com.cn,Female,208.249.49.61
589,Caty,Inkle,cinklegc@livejournal.com,Female,172.31.156.17
590,Araldo,Newtown,anewtowngd@comsenz.com,Male,227.106.117.242
591,Dorree,Marvelley,dmarvelleyge@wikispaces.com,Female,1.68.35.168
592,Mirelle,Planks,mplanksgf@themeforest.net,Female,246.215.182.138
593,Susi,Berndsen,sberndsengg@timesonline.co.uk,Female,218.210.155.246
594,Ferrell,Bothie,fbothiegh@istockphoto.com,Male,144.41.57.44
595,Hillyer,Skudder,hskuddergi@globo.com,Polygender,35.117.61.104
596,Otho,Whitemarsh,owhitemarshgj@oaic.gov.au,Male,95.155.134.157
597,Grata,Livesley,glivesleygk@cnn.com,Bigender,48.201.121.153
598,Dmitri,Millhill,dmillhillgl@tmall.com,Male,42.108.255.33
599,Bridget,Wands,bwandsgm@gizmodo.com,Female,68.131.93.175
600,Cristina,Whorall,cwhorallgn@vkontakte.ru,Female,114.158.60.122
601,Darice,McIlriach,dmcilriachgo@geocities.jp,Female,30.240.76.23
602,Karin,Canland,kcanlandgp@acquirethisname.com,Polygender,142.95.159.157
603,Petra,Wahncke,pwahnckegq@hhs.gov,Female,10.76.132.172
604,Ester,Jean,ejeangr@ning.com,Female,96.109.161.113
605,Jo,Canet,jcanetgs@noaa.gov,Male,26.44.233.221
606,Adolphe,Lewzey,alewzeygt@mediafire.com,Male,224.230.6.237
607,Aggie,Hafford,ahaffordgu@liveinternet.ru,Female,69.206.18.118
608,Rafi,Partlett,rpartlettgv@ycombinator.com,Male,206.12.94.78
609,Zahara,Mancer,zmancergw@hc360.com,Female,190.25.201.189
610,Kelsi,Nerheny,knerhenygx@wiley.com,Female,192.229.225.181
611,Elinore,Pittendreigh,epittendreighgy@weather.com,Female,5.68.213.163
612,Deonne,Bovaird,dbovairdgz@omniture.com,Female,109.120.122.13
613,Dennie,Beckford,dbeckfordh0@woothemes.com,Non-binary,241.176.243.77
614,Caitrin,Dohrmann,cdohrmannh1@blogger.com,Genderqueer,142.50.222.97
615,Dody,Stearn,dstearnh2@pen.io,Female,89.228.170.21
616,Etan,Boarleyson,eboarleysonh3@comsenz.com,Male,133.85.51.249
617,Brien,Braga,bbragah4@wisc.edu,Male,41.182.239.60
618,Fredrika,Merrgen,fmerrgenh5@wordpress.org,Female,222.173.148.35
619,Janith,Ivanyushkin,jivanyushkinh6@barnesandnoble.com,Genderqueer,124.241.20.252
620,Florrie,Gartell,fgartellh7@plala.or.jp,Female,201.69.202.61
621,Alvan,Dannel,adannelh8@taobao.com,Male,39.99.23.129
622,Milo,Spelman,mspelmanh9@biblegateway.com,Genderfluid,10.3.239.181
623,Bobinette,Carn,bcarnha@indiatimes.com,Bigender,219.117.122.47
624,Kirby,Brumbie,kbrumbiehb@bbc.co.uk,Female,12.213.102.8
625,Paddie,Overlow,poverlowhc@mtv.com,Male,234.166.50.69
626,Letti,Pietrasik,lpietrasikhd@canalblog.com,Female,215.175.120.77
627,Marney,Minet,mminethe@un.org,Female,238.11.14.40
628,Donielle,Beecker,dbeeckerhf@archive.org,Female,53.55.52.81
629,Laraine,Walbridge,lwalbridgehg@usnews.com,Female,199.228.246.222
630,Simon,Pettus,spettushh@squidoo.com,Male,215.149.89.214
631,Charmain,Croser,ccroserhi@exblog.jp,Female,239.211.239.161
632,Bertram,Stansbury,bstansburyhj@bloomberg.com,Male,97.69.159.21
633,Olav,Corser,ocorserhk@wufoo.com,Male,227.247.35.132
634,Ernst,Fane,efanehl@xinhuanet.com,Male,121.212.112.206
635,Lesley,Kettle,lkettlehm@squarespace.com,Female,114.247.240.196
636,Wilmar,Millam,wmillamhn@blogger.com,Male,200.158.166.207
637,Petronia,Reeds,preedsho@qq.com,Female,195.155.161.54
638,Noemi,Trowbridge,ntrowbridgehp@aboutads.info,Female,4.96.143.206
639,Alyssa,Matt,amatthq@4shared.com,Female,70.15.28.214
640,Tildy,Loosmore,tloosmorehr@ca.gov,Female,236.190.6.203
641,Elvina,Qualtro,equaltrohs@tuttocitta.it,Female,217.138.178.136
642,Amandy,Light,alightht@bluehost.com,Female,45.115.140.164
643,Eleonora,McKimmey,emckimmeyhu@virginia.edu,Female,140.89.62.181
644,Lind,Beevors,lbeevorshv@storify.com,Male,79.71.246.247
645,Ethelbert,Wylie,ewyliehw@theglobeandmail.com,Agender,180.239.114.194
646,Mike,McCorrie,mmccorriehx@networkadvertising.org,Male,136.6.245.188
647,Robin,Rolfe,rrolfehy@wikispaces.com,Male,14.235.100.163
648,Jorge,Gerhts,jgerhtshz@sogou.com,Male,18.242.159.74
649,Thornie,Bernardo,tbernardoi0@census.gov,Genderqueer,18.48.134.110
650,Lacee,Parchment,lparchmenti1@vistaprint.com,Female,87.37.11.29
651,Lewes,Muddimer,lmuddimeri2@usa.gov,Male,63.180.221.193
652,Gabriellia,Pirt,gpirti3@zdnet.com,Female,180.152.147.61
653,Clerc,Rapier,crapieri4@dmoz.org,Male,104.123.32.120
654,Helsa,Baird,hbairdi5@dyndns.org,Female,25.148.52.65
655,Stormy,Scholtis,sscholtisi6@scribd.com,Female,91.93.121.117
656,Harold,Dearnley,hdearnleyi7@icio.us,Male,234.194.111.226
657,Jarid,Daintrey,jdaintreyi8@pen.io,Male,199.51.45.197
658,Fred,Burdge,fburdgei9@51.la,Male,128.190.69.193
659,Caresa,Sowray,csowrayia@usa.gov,Female,173.128.236.244
660,Laverna,Barwis,lbarwisib@cafepress.com,Female,209.34.131.157
661,Iago,Girk,igirkic@prweb.com,Male,85.223.67.112
662,Gloria,Saunper,gsaunperid@dropbox.com,Female,120.5.103.91
663,Brand,Marcum,bmarcumie@google.co.jp,Male,19.60.18.1
664,Jolyn,Revens,jrevensif@boston.com,Female,70.37.192.224
665,Arte,Miguet,amiguetig@foxnews.com,Male,30.192.250.178
666,Orville,Kingdom,okingdomih@huffingtonpost.com,Male,215.36.160.118
667,Dion,Canellas,dcanellasii@icio.us,Polygender,168.11.234.184
668,Deloris,Darragh,ddarraghij@typepad.com,Female,150.20.145.150
669,Ronni,Vanyutin,rvanyutinik@barnesandnoble.com,Genderqueer,184.230.17.229
670,Bartram,Labrum,blabrumil@booking.com,Male,144.116.211.128
671,Jasmin,Apark,japarkim@freewebs.com,Female,61.180.150.119
672,Kendricks,Dodle,kdodlein@go.com,Male,205.252.26.20
673,Sloan,Delahunty,sdelahuntyio@51.la,Agender,5.80.231.57
674,Shay,Truckell,struckellip@apple.com,Female,173.220.95.70
675,Miranda,Ivetts,mivettsiq@vkontakte.ru,Female,40.170.40.66
676,Zonda,Glede,zgledeir@skyrock.com,Female,62.106.107.82
677,Lon,Libbe,llibbeis@vistaprint.com,Male,5.130.24.138
678,Arnie,Thorneywork,athorneyworkit@slashdot.org,Male,68.54.164.99
679,Delila,Danforth,ddanforthiu@123-reg.co.uk,Agender,166.29.143.253
680,Hodge,Kitching,hkitchingiv@tmall.com,Male,232.114.94.23
681,Aaron,Checchi,achecchiiw@multiply.com,Male,192.170.52.91
682,Gannon,Mizzen,gmizzenix@nih.gov,Male,150.128.78.175
683,Peder,Evangelinos,pevangelinosiy@google.ca,Male,83.108.84.131
684,Lucio,Tuison,ltuisoniz@wunderground.com,Male,177.105.181.0
685,Demetria,Kingcote,dkingcotej0@bigcartel.com,Female,248.61.175.35
686,Velma,Batchellor,vbatchellorj1@g.co,Female,126.79.194.17
687,Karlen,Ranyell,kranyellj2@utexas.edu,Female,52.172.105.155
688,Gorden,Doone,gdoonej3@google.fr,Male,52.148.109.213
689,Odelle,Inch,oinchj4@4shared.com,Female,143.178.51.31
690,Christie,Nannetti,cnannettij5@live.com,Male,167.223.59.78
691,Ambrosi,Lenthall,alenthallj6@utexas.edu,Male,94.231.235.90
692,Tiebold,Cosens,tcosensj7@businesswire.com,Male,19.106.4.10
693,Sacha,Enrich,senrichj8@usda.gov,Female,140.153.243.34
694,Amie,More,amorej9@mtv.com,Female,7.55.193.27
695,Aili,Jenney,ajenneyja@goo.ne.jp,Bigender,81.193.108.139
696,Georgetta,Darque,gdarquejb@tripadvisor.com,Female,195.152.24.189
697,Gustav,Cridlon,gcridlonjc@guardian.co.uk,Male,54.162.126.142
698,Stanly,Mallord,smallordjd@canalblog.com,Male,33.99.92.97
699,Allix,Yearnes,ayearnesje@sitemeter.com,Female,76.239.26.237
700,Payton,Cissell,pcisselljf@dion.ne.jp,Male,131.13.169.98
701,Grant,Anespie,ganespiejg@exblog.jp,Male,229.215.193.166
702,Lauren,Landor,llandorjh@about.me,Genderqueer,33.130.214.177
703,Anna-maria,Toppas,atoppasji@salon.com,Female,57.191.8.4
704,Brewer,Mazzeo,bmazzeojj@blogspot.com,Male,149.6.238.58
705,Nannie,Winterflood,nwinterfloodjk@forbes.com,Female,65.142.167.152
706,Wernher,Dimitru,wdimitrujl@biblegateway.com,Male,40.214.43.98
707,Rafa,Fitzsymonds,rfitzsymondsjm@nationalgeographic.com,Female,52.176.44.124
708,Giorgia,Butterwick,gbutterwickjn@deviantart.com,Female,116.111.125.160
709,Finn,Huckle,fhucklejo@ning.com,Male,181.254.127.202
710,Carina,Inchley,cinchleyjp@cafepress.com,Female,4.39.196.44
711,Rakel,Woodthorpe,rwoodthorpejq@jalbum.net,Female,62.143.247.251
712,Ronald,Shivlin,rshivlinjr@hugedomains.com,Male,222.205.250.148
713,Pierette,Throughton,pthroughtonjs@wikispaces.com,Female,185.15.254.137
714,Wash,Goulding,wgouldingjt@home.pl,Male,246.115.116.99
715,Cosme,Stedall,cstedallju@edublogs.org,Male,2.121.241.237
716,Reuben,Bedding,rbeddingjv@nsw.gov.au,Male,81.84.195.30
717,Holmes,McCullogh,hmcculloghjw@pbs.org,Male,16.250.206.112
718,Gavra,Yurtsev,gyurtsevjx@issuu.com,Female,146.199.148.201
719,Megen,Chaytor,mchaytorjy@nih.gov,Female,93.203.188.112
720,Vanessa,Gasperi,vgasperijz@mysql.com,Female,211.254.22.236
721,Tremain,McCafferky,tmccafferkyk0@skyrock.com,Male,153.27.138.202
722,Chandal,Vaar,cvaark1@xrea.com,Female,208.99.233.247
723,Mirabella,Padilla,mpadillak2@reverbnation.com,Agender,208.219.55.107
724,Legra,Leale,llealek3@abc.net.au,Female,70.97.80.39
725,Evin,Bilbrooke,ebilbrookek4@nyu.edu,Male,245.26.63.103
726,Agnesse,Mogford,amogfordk5@blinklist.com,Genderqueer,165.166.85.169
727,Rochester,Mahon,rmahonk6@360.cn,Polygender,119.198.212.149
728,Tiffy,Chung,tchungk7@i2i.jp,Female,176.143.146.201
729,Maddie,Bow,mbowk8@fastcompany.com,Male,83.204.174.232
730,Melania,Dowty,mdowtyk9@zimbio.com,Female,0.84.230.100
731,Sallie,Wyrill,swyrillka@exblog.jp,Female,250.2.37.205
732,Demetra,Vause,dvausekb@hhs.gov,Female,45.85.116.50
733,Milena,Dinzey,mdinzeykc@bloomberg.com,Female,253.238.34.154
734,Briana,Van Eeden,bvaneedenkd@mapquest.com,Female,165.218.78.98
735,Nathan,Clinch,nclinchke@mlb.com,Male,61.234.250.83
736,Aurthur,Bramer,abramerkf@amazonaws.com,Male,50.241.240.179
737,Claiborn,Brik,cbrikkg@businessinsider.com,Polygender,177.208.241.99
738,Jaquenetta,Standage,jstandagekh@fc2.com,Female,56.8.53.154
739,Dahlia,Brunn,dbrunnki@hibu.com,Female,122.43.50.35
740,Adan,Hrus,ahruskj@youtube.com,Male,189.26.43.242
741,Dagmar,De Domenico,ddedomenicokk@devhub.com,Female,246.105.128.250
742,Frank,Brandts,fbrandtskl@chron.com,Female,136.16.170.145
743,Jilly,Lonergan,jlonergankm@angelfire.com,Female,134.183.178.151
744,Sydney,Gillson,sgillsonkn@harvard.edu,Male,67.232.198.78
745,Dory,Bugdell,dbugdellko@mlb.com,Male,141.240.29.232
746,Dill,Pruvost,dpruvostkp@illinois.edu,Male,121.27.142.212
747,Gunter,Fearenside,gfearensidekq@sbwire.com,Male,3.17.12.212
748,Yalonda,Dowden,ydowdenkr@ustream.tv,Female,56.208.49.157
749,Rita,Neno,rnenoks@google.com.br,Female,83.228.232.156
750,Oswell,Speerman,ospeermankt@yandex.ru,Male,229.23.98.156
751,Terra,Gillions,tgillionsku@shinystat.com,Female,138.103.228.163
752,Darice,Longstaffe,dlongstaffekv@cbslocal.com,Female,15.173.115.185
753,Torrin,Good,tgoodkw@topsy.com,Male,193.57.57.44
754,Mahalia,Rantoul,mrantoulkx@cbsnews.com,Non-binary,217.155.113.80
755,Doralynne,Doust,ddoustky@wordpress.org,Polygender,68.108.56.90
756,Benyamin,Kaysor,bkaysorkz@telegraph.co.uk,Male,203.213.4.106
757,Batholomew,Dhillon,bdhillonl0@wikimedia.org,Male,164.106.253.43
758,Ellie,McClelland,emcclellandl1@hexun.com,Female,226.160.113.192
759,Caterina,Briiginshaw,cbriiginshawl2@webeden.co.uk,Female,133.200.239.56
760,Webster,Leeson,wleesonl3@bloglovin.com,Male,196.72.108.246
761,Kiel,O'Doghesty,kodoghestyl4@samsung.com,Male,149.164.61.103
762,Jaine,Soles,jsolesl5@miibeian.gov.cn,Female,162.198.128.57
763,Fairleigh,Greenroyd,fgreenroydl6@umich.edu,Male,143.176.159.131
764,Melita,Kunisch,mkunischl7@craigslist.org,Female,28.97.196.186
765,Jo ann,Kochs,jkochsl8@ycombinator.com,Female,33.142.78.63
766,Odilia,Keningley,okeningleyl9@cocolog-nifty.com,Female,38.243.8.227
767,Ora,Plumbridge,oplumbridgela@fda.gov,Polygender,44.190.94.85
768,Mahalia,Hartill,mhartilllb@princeton.edu,Female,99.197.243.147
769,Ruggiero,Suerz,rsuerzlc@usa.gov,Male,153.248.227.116
770,Odette,Castan,ocastanld@unicef.org,Female,115.137.158.197
771,Kaleb,Crighton,kcrightonle@businesswire.com,Male,101.120.143.142
772,Deane,Gapp,dgapplf@fda.gov,Male,67.7.69.218
773,Marilin,McBeth,mmcbethlg@yahoo.com,Female,157.79.127.216
774,Sacha,Lowry,slowrylh@linkedin.com,Female,158.94.233.119
775,Gianina,Elland,gellandli@nydailynews.com,Female,230.217.201.46
776,Birdie,Pickhaver,bpickhaverlj@jigsy.com,Genderqueer,107.222.25.101
777,Fionnula,Vanyutin,fvanyutinlk@goo.ne.jp,Female,192.164.69.89
778,Bronny,Keoghane,bkeoghanell@usnews.com,Agender,30.56.78.111
779,Alexandro,Rodden,aroddenlm@hhs.gov,Male,48.85.172.139
780,Tamiko,Oldall,toldallln@illinois.edu,Female,215.108.145.100
781,Portia,Perigeaux,pperigeauxlo@bbb.org,Female,152.88.239.5
782,Luisa,Essery,lesserylp@vimeo.com,Female,118.165.220.203
783,Agata,Hartland,ahartlandlq@github.io,Female,253.150.202.143
784,Leeland,Echelle,lechellelr@webeden.co.uk,Male,136.61.111.6
785,Drusilla,Klebes,dklebesls@spiegel.de,Female,1.32.225.17
786,Maurizia,Jenkinson,mjenkinsonlt@1und1.de,Female,167.48.79.27
787,Alejoa,Gunthorpe,agunthorpelu@ucsd.edu,Male,179.222.99.232
788,Milly,Martellini,mmartellinilv@altervista.org,Female,73.58.44.0
789,Aloisia,Schwander,aschwanderlw@devhub.com,Female,87.63.190.106
790,Josey,Kluge,jklugelx@tiny.cc,Female,196.230.5.141
791,Peg,Reame,preamely@baidu.com,Female,64.246.63.46
792,Conny,Carlucci,ccarluccilz@is.gd,Male,221.3.22.62
793,Pincas,Lancetter,plancetterm0@taobao.com,Male,244.252.93.108
794,Sauveur,Flipsen,sflipsenm1@google.it,Male,50.0.96.200
795,Tomaso,Quinet,tquinetm2@newyorker.com,Male,99.140.5.195
796,Robers,Tudge,rtudgem3@about.me,Male,201.71.115.149
797,Kirstin,Hinckes,khinckesm4@dion.ne.jp,Female,56.207.75.132
798,See,Reinger,sreingerm5@wikipedia.org,Male,175.69.224.189
799,Tana,Cadell,tcadellm6@webnode.com,Female,101.25.67.61
800,Fred,Fiddler,ffiddlerm7@netscape.com,Genderfluid,225.161.76.114
801,Renard,Maior,rmaiorm8@cloudflare.com,Male,39.178.198.114
802,Sutherlan,Hebditch,shebditchm9@japanpost.jp,Male,180.107.42.102
803,Bird,Messent,bmessentma@php.net,Bigender,58.146.63.85
804,Arni,Bravery,abraverymb@blogs.com,Male,173.222.78.204
805,Anastasie,Morriarty,amorriartymc@stumbleupon.com,Female,2.152.114.246
806,Toddy,Cholmondeley,tcholmondeleymd@intel.com,Male,71.237.168.189
807,Lynnette,Roberti,lrobertime@rambler.ru,Female,219.113.30.242
808,Coriss,Hubbucks,chubbucksmf@gov.uk,Female,173.1.248.29
809,Wilt,Myderscough,wmyderscoughmg@vimeo.com,Male,149.141.88.167
810,Giffy,Lattimore,glattimoremh@marketwatch.com,Male,13.16.83.73
811,Bogart,Killingsworth,bkillingsworthmi@liveinternet.ru,Male,218.211.228.148
812,Chloris,Wakelin,cwakelinmj@hibu.com,Female,71.248.190.255
813,Yance,Hardstaff,yhardstaffmk@unc.edu,Genderfluid,96.85.194.242
814,Brodie,Kersting,bkerstingml@wsj.com,Male,67.64.244.92
815,Salomo,Hauger,shaugermm@photobucket.com,Bigender,153.175.60.196
816,Bambie,Allett,ballettmn@unblog.fr,Bigender,215.101.145.63
817,Tammara,Gogin,tgoginmo@va.gov,Female,243.1.12.93
818,Colin,Sive,csivemp@liveinternet.ru,Male,77.195.136.244
819,Celene,Grieve,cgrievemq@shutterfly.com,Female,153.27.201.116
820,Garrot,Hackly,ghacklymr@tumblr.com,Male,182.225.204.101
821,Dillon,Haggith,dhaggithms@discuz.net,Male,210.127.154.23
822,Myrle,Woolger,mwoolgermt@hhs.gov,Female,28.196.109.65
823,Em,Deavin,edeavinmu@godaddy.com,Male,203.17.86.200
824,Henryetta,Kiezler,hkiezlermv@reverbnation.com,Female,9.82.113.171
825,Franklin,Deverell,fdeverellmw@ucoz.com,Male,75.163.120.250
826,Collete,Wessing,cwessingmx@businesswire.com,Female,100.7.84.37
827,Rice,Salvin,rsalvinmy@geocities.com,Genderqueer,168.233.43.248
828,Yankee,Ivankov,yivankovmz@qq.com,Male,126.16.104.238
829,Sapphira,Chappelow,schappelown0@stanford.edu,Female,111.141.249.190
830,Dita,Audley,daudleyn1@a8.net,Female,121.175.199.13
831,Johnny,Marrett,jmarrettn2@nytimes.com,Male,3.248.166.117
832,Emile,Camelin,ecamelinn3@hugedomains.com,Male,164.217.47.18
833,Tobit,Jorcke,tjorcken4@patch.com,Male,106.70.146.25
834,Brande,Mart,bmartn5@tinyurl.com,Female,27.43.72.83
835,Paton,Rootes,prootesn6@abc.net.au,Male,240.5.164.81
836,Paula,Dinsey,pdinseyn7@mail.ru,Female,231.90.81.127
837,Paolina,Lauks,plauksn8@about.me,Non-binary,105.198.49.195
838,Chandler,Lillicrap,clillicrapn9@arstechnica.com,Agender,232.43.35.172
839,Aloin,Lodin,alodinna@theguardian.com,Male,250.180.248.7
840,Reidar,Voelker,rvoelkernb@nhs.uk,Male,4.51.145.172
841,Ralph,Fontenot,rfontenotnc@quantcast.com,Agender,5.91.46.120
842,Charla,Zettler,czettlernd@ameblo.jp,Female,138.172.201.5
843,Stesha,Postlethwaite,spostlethwaitene@biglobe.ne.jp,Agender,240.55.149.177
844,Falkner,Dinnington,fdinningtonnf@twitpic.com,Male,26.189.45.142
845,Jennette,Prium,jpriumng@cnn.com,Female,96.89.206.89
846,Ashby,Freezor,afreezornh@sbwire.com,Male,148.78.100.65
847,Georgetta,Edgcumbe,gedgcumbeni@barnesandnoble.com,Female,125.241.204.88
848,Jesselyn,Uman,jumannj@wikispaces.com,Female,17.215.9.99
849,Tiffany,Cutmore,tcutmorenk@theguardian.com,Non-binary,106.143.91.252
850,Travus,Ind,tindnl@soup.io,Male,6.32.165.95
851,Consolata,Draysey,cdrayseynm@aol.com,Female,237.9.53.224
852,Gaelan,Vickerman,gvickermannn@youtube.com,Male,164.147.74.125
853,Genevra,Mayzes,gmayzesno@woothemes.com,Female,142.5.27.105
854,Zilvia,McWhinnie,zmcwhinnienp@dagondesign.com,Female,193.158.26.62
855,Margalit,Vardey,mvardeynq@mayoclinic.com,Female,204.73.129.74
856,Bary,Ceyssen,bceyssennr@nydailynews.com,Genderfluid,231.52.14.218
857,Carmelia,Gunbie,cgunbiens@dion.ne.jp,Female,131.107.120.136
858,Bing,Blaschke,bblaschkent@goo.gl,Male,206.228.93.103
859,Ines,Tissell,itissellnu@wikimedia.org,Female,55.12.1.193
860,Bren,Yter,byternv@mapy.cz,Male,132.235.208.9
861,Brinna,Gonneau,bgonneaunw@stanford.edu,Female,220.6.67.192
862,Bettina,Kubas,bkubasnx@biblegateway.com,Female,118.200.30.196
863,Kordula,McSkin,kmcskinny@live.com,Female,23.201.36.29
864,Kerri,Matisoff,kmatisoffnz@ovh.net,Female,156.3.236.209
865,Garvin,Suddock,gsuddocko0@google.ca,Male,117.99.173.89
866,Renado,Skocroft,rskocrofto1@census.gov,Male,6.51.24.114
867,Kania,Moore,kmooreo2@sphinn.com,Female,62.162.72.54
868,Felisha,Giannassi,fgiannassio3@woothemes.com,Female,76.70.57.225
869,Tammi,McKeowon,tmckeowono4@princeton.edu,Female,34.103.202.51
870,Lisette,Penwright,lpenwrighto5@angelfire.com,Female,195.251.206.208
871,Debor,Seago,dseagoo6@blogs.com,Female,238.151.170.182
872,Kendall,Saintpierre,ksaintpierreo7@prlog.org,Male,255.254.89.78
873,Hagan,O'Hogertie,hohogertieo8@google.pl,Male,117.216.158.222
874,Korie,Demchen,kdemcheno9@wikimedia.org,Female,236.124.145.18
875,Miriam,Searston,msearstonoa@friendfeed.com,Female,4.79.51.22
876,Rorie,Cabble,rcabbleob@apache.org,Female,69.32.173.96
877,Adolphus,Stoeckle,astoeckleoc@yandex.ru,Male,119.169.13.17
878,Waylin,Dislee,wdisleeod@xrea.com,Male,48.255.60.122
879,Tommie,Hamerton,thamertonoe@squarespace.com,Female,198.86.209.226
880,Nye,Bloxsom,nbloxsomof@indiatimes.com,Male,171.159.20.146
881,Orrin,Vatcher,ovatcherog@ihg.com,Male,159.119.146.150
882,Thorvald,Linger,tlingeroh@theglobeandmail.com,Male,32.196.176.233
883,Ame,Mansel,amanseloi@reference.com,Female,70.127.149.6
884,Andeee,Eskrick,aeskrickoj@usnews.com,Non-binary,45.232.88.154
885,Jarrod,Tettersell,jtettersellok@netscape.com,Male,79.84.5.15
886,Ryan,Faragher,rfaragherol@comcast.net,Male,61.193.117.239
887,Wilow,Merriment,wmerrimentom@g.co,Female,252.133.149.229
888,Florance,Julyan,fjulyanon@scientificamerican.com,Female,181.45.179.192
889,Shurlocke,Embery,semberyoo@bloglovin.com,Male,13.50.174.234
890,Sari,Delacoste,sdelacosteop@msu.edu,Genderqueer,163.98.218.15
891,Fleur,Ixor,fixoroq@un.org,Female,12.232.25.196
892,Arlene,Killbey,akillbeyor@ustream.tv,Female,215.11.127.140
893,Goddard,Scrannage,gscrannageos@hibu.com,Male,176.75.7.201
894,Fabien,Girkin,fgirkinot@squarespace.com,Male,114.106.202.213
895,Elwood,Paddeley,epaddeleyou@ted.com,Male,64.36.78.58
896,Marguerite,Radwell,mradwellov@simplemachines.org,Female,96.24.110.80
897,Raquel,Bayns,rbaynsow@ycombinator.com,Female,29.128.19.222
898,Kira,Lyddon,klyddonox@sbwire.com,Female,141.130.118.129
899,Guntar,Bracchi,gbracchioy@mit.edu,Male,168.64.175.87
900,Trisha,Pattrick,tpattrickoz@dailymail.co.uk,Female,252.234.203.102
901,Cory,Buffy,cbuffyp0@washingtonpost.com,Female,4.216.34.198
902,Alie,Birney,abirneyp1@addtoany.com,Female,50.116.29.40
903,Casar,Barnaby,cbarnabyp2@elegantthemes.com,Male,197.5.4.46
904,Ulrick,Ghilks,ughilksp3@discuz.net,Polygender,74.6.220.57
905,Mil,Wardall,mwardallp4@pen.io,Female,236.32.87.217
906,Daryl,Schuck,dschuckp5@amazon.de,Female,171.163.182.239
907,Ado,Torns,atornsp6@parallels.com,Male,37.128.230.236
908,Agustin,Ding,adingp7@nationalgeographic.com,Male,29.217.37.18
909,Karlene,Gregorowicz,kgregorowiczp8@spiegel.de,Female,169.44.151.177
910,Dukie,Balasini,dbalasinip9@symantec.com,Male,56.68.4.252
911,Andrus,Demkowicz,ademkowiczpa@apache.org,Male,146.190.224.150
912,Briana,Keir,bkeirpb@bloglovin.com,Female,12.138.133.74
913,Barclay,Cossans,bcossanspc@barnesandnoble.com,Male,70.204.234.1
914,Michaeline,Basley,mbasleypd@bloglines.com,Female,219.88.225.82
915,Friederike,Custance,fcustancepe@google.ca,Female,227.243.75.166
916,Kay,Tapley,ktapleypf@walmart.com,Female,186.136.137.81
917,Gearalt,Vedenisov,gvedenisovpg@guardian.co.uk,Male,193.51.21.136
918,Harlin,Westnedge,hwestnedgeph@storify.com,Male,187.252.81.86
919,Pauly,Crannis,pcrannispi@mac.com,Non-binary,97.223.42.60
920,Tana,Spread,tspreadpj@php.net,Female,55.123.152.194
921,Anton,Richford,arichfordpk@sciencedaily.com,Male,206.7.153.120
922,Janaya,Graben,jgrabenpl@sun.com,Female,214.127.1.21
923,Irving,Waryk,iwarykpm@yahoo.com,Male,75.23.94.18
924,Gallard,Dodman,gdodmanpn@elpais.com,Male,44.233.88.247
925,Lynda,Simister,lsimisterpo@csmonitor.com,Female,93.184.170.23
926,Bob,Petrenko,bpetrenkopp@simplemachines.org,Male,165.119.216.196
927,Adham,Battista,abattistapq@naver.com,Male,216.165.184.22
928,Tremaine,Casperri,tcasperripr@cmu.edu,Male,202.78.254.249
929,Gordy,Russ,grussps@intel.com,Male,113.117.66.103
930,Darryl,Voice,dvoicept@amazonaws.com,Male,49.191.208.197
931,Sergeant,Suston,ssustonpu@dot.gov,Male,131.221.88.44
932,Irv,Bryan,ibryanpv@wix.com,Male,24.55.224.2
933,Celka,Baudains,cbaudainspw@mayoclinic.com,Female,46.48.98.13
934,Demetre,Trustey,dtrusteypx@ox.ac.uk,Male,250.211.68.5
935,Theobald,Cockerton,tcockertonpy@hp.com,Male,43.197.114.50
936,Brinna,Vila,bvilapz@adobe.com,Female,175.102.179.42
937,Trip,Chiswell,tchiswellq0@altervista.org,Male,210.209.46.194
938,Roi,Brogiotti,rbrogiottiq1@thetimes.co.uk,Male,135.225.114.154
939,Lynea,Spawton,lspawtonq2@liveinternet.ru,Female,73.145.252.148
940,Marinna,Carryer,mcarryerq3@canalblog.com,Female,158.129.184.122
941,Manfred,Daft,mdaftq4@reuters.com,Male,18.189.106.176
942,Tomlin,Corsor,tcorsorq5@technorati.com,Male,36.68.205.66
943,Octavia,Yurshev,oyurshevq6@marketwatch.com,Female,130.213.82.222
944,Marian,Rewbottom,mrewbottomq7@wiley.com,Bigender,24.187.142.0
945,Dinah,Shervil,dshervilq8@pen.io,Female,35.82.221.142
946,Pietrek,Hagyard,phagyardq9@photobucket.com,Male,57.122.184.237
947,Elsa,Elstob,eelstobqa@hubpages.com,Female,211.59.185.29
948,Meridith,Douglas,mdouglasqb@admin.ch,Female,30.43.178.3
949,Paloma,Pasby,ppasbyqc@biblegateway.com,Female,29.49.90.197
950,Ignacius,Portlock,iportlockqd@phoca.cz,Male,255.244.78.101
951,Shermie,Akers,sakersqe@topsy.com,Male,60.35.212.133
952,Barnebas,Newbold,bnewboldqf@shutterfly.com,Male,174.131.86.128
953,La verne,Patullo,lpatulloqg@mtv.com,Female,254.120.232.27
954,Carr,Shelmerdine,cshelmerdineqh@ow.ly,Genderqueer,197.76.227.86
955,Cynthie,Eul,ceulqi@engadget.com,Female,185.120.76.255
956,Felic,Ganning,fganningqj@list-manage.com,Male,87.248.155.29
957,Jill,Hanks,jhanksqk@ning.com,Female,164.214.229.217
958,Ganny,Yurenin,gyureninql@telegraph.co.uk,Male,69.132.175.34
959,Krysta,Roke,krokeqm@biblegateway.com,Agender,106.1.126.104
960,Neile,Hurford,nhurfordqn@sohu.com,Female,40.40.1.132
961,Leena,Wollrauch,lwollrauchqo@4shared.com,Polygender,183.179.161.175
962,Venus,Goudman,vgoudmanqp@themeforest.net,Female,59.238.113.33
963,Drud,Mawd,dmawdqq@opera.com,Male,150.141.29.198
964,Enos,Gambell,egambellqr@timesonline.co.uk,Male,147.105.14.48
965,Blinni,Hitschke,bhitschkeqs@indiegogo.com,Genderfluid,155.187.240.164
966,Rinaldo,Cuningham,rcuninghamqt@weibo.com,Male,93.189.81.78
967,Edna,Chamberlin,echamberlinqu@imdb.com,Female,215.255.141.249
968,Russell,Howship,rhowshipqv@domainmarket.com,Male,204.200.22.163
969,Ara,Vigar,avigarqw@1und1.de,Male,216.36.192.93
970,Bondie,Rainbow,brainbowqx@chron.com,Male,17.132.182.220
971,Adina,Cowndley,acowndleyqy@seattletimes.com,Female,122.252.223.214
972,Loni,Seemmonds,lseemmondsqz@hostgator.com,Female,85.31.75.16
973,Daisey,Broker,dbrokerr0@tinyurl.com,Female,115.202.121.80
974,Damien,Durrant,ddurrantr1@cpanel.net,Male,5.94.188.183
975,Lowrance,Lovekin,llovekinr2@omniture.com,Male,58.77.125.219
976,Alisa,Height,aheightr3@cnet.com,Female,147.144.72.239
977,Randie,Ziebart,rziebartr4@edublogs.org,Female,46.94.162.209
978,Prinz,Shevill,pshevillr5@biblegateway.com,Genderfluid,46.12.152.92
979,Tommie,Biasioni,tbiasionir6@wiley.com,Male,184.72.202.196
980,Vince,Lomond,vlomondr7@businessinsider.com,Male,181.11.218.124
981,Idaline,Ashworth,iashworthr8@is.gd,Female,23.131.239.137
982,Aile,Stollmeier,astollmeierr9@i2i.jp,Female,139.157.175.185
983,Sadie,Keling,skelingra@wix.com,Female,223.214.197.240
984,Marshal,Balmforth,mbalmforthrb@twitpic.com,Male,3.119.209.168
985,Artie,Quail,aquailrc@typepad.com,Polygender,185.191.179.176
986,Remington,Hughesdon,rhughesdonrd@51.la,Male,203.140.120.174
987,Leonerd,Rounsefull,lrounsefullre@booking.com,Male,242.115.255.121
988,Patience,Illsley,pillsleyrf@whitehouse.gov,Genderfluid,193.24.99.127
989,Eadie,Lindley,elindleyrg@last.fm,Female,85.6.200.186
990,Sonnie,Polino,spolinorh@feedburner.com,Male,244.7.194.216
991,Hyman,Shark,hsharkri@nationalgeographic.com,Male,76.69.10.178
992,Reube,O'Feeny,rofeenyrj@google.com.br,Male,186.42.249.88
993,Nerti,Infantino,ninfantinork@theglobeandmail.com,Female,124.88.15.118
994,Spenser,Millership,smillershiprl@bizjournals.com,Male,67.1.80.224
995,Arabelle,Shelliday,ashellidayrm@elegantthemes.com,Female,3.206.140.83
996,Kellie,Cliffe,kcliffern@hugedomains.com,Female,41.152.232.53
997,Wade,Howorth,whoworthro@usatoday.com,Male,53.110.88.230
998,Derk,Heady,dheadyrp@cam.ac.uk,Male,16.176.91.9
999,Kari,Penrith,kpenrithrq@live.com,Female,143.221.21.169
1000,Charisse,Boswell,cboswellrr@latimes.com,Non-binary,123.35.58.100
